ID,Correct,Neutral,Incorrect,Accuracy
gpt-3.5-baseline,1687,1689,224,0.9377777777777778
gpt-3.5-corrected,1728,1687,185,0.9486111111111111
gpt-4-baseline,1730,1845,25,0.9930555555555556
gpt-4-corrected,1741,1845,14,0.9961111111111111
rules-baseline,1747,1853,0,1.0
