Results ID,Duration (s),Duration per Token (ms)
gpt-3.5-explain,15.907338099999999,5.236600758141094
gpt-3.5-verify,18.66302288,6.35955725747874
gpt-3.5-correct,21.016182545454548,6.1481599533809606
gpt-4-explain,35.777879229999996,11.856018243791652
gpt-4-verify,42.51144543,14.608948650944528
gpt-4-correct,37.787020266666666,9.345111157352507
